"","wage","educ","exper","tenure","nonwhite","female","married","numdep","smsa","northcen","south","west","construc","ndurman","trcommpu","trade","services","profserv","profocc","clerocc","servocc","lwage","expersq","tenursq"
"1",3.09999990463257,11,2,0,0,1,0,2,1,0,0,1,0,0,0,0,0,0,0,0,0,1.13140201568604,4,0
"2",3.24000000953674,12,22,2,0,1,1,3,1,0,0,1,0,0,0,0,1,0,0,0,1,1.17557299137115,484,4
"3",3,11,2,0,0,0,0,2,0,0,0,1,0,0,0,1,0,0,0,0,0,1.09861195087433,4,0
"4",6,8,44,28,0,0,1,0,1,0,0,1,0,0,0,0,0,0,0,1,0,1.79175901412964,1936,784
"5",5.30000019073486,12,7,2,0,0,1,1,0,0,0,1,0,0,0,0,0,0,0,0,0,1.66770696640015,49,4
"6",8.75,16,9,8,0,0,1,0,1,0,0,1,0,0,0,0,0,1,1,0,0,2.16905403137207,81,64
"7",11.25,18,15,7,0,0,0,0,1,0,0,1,0,0,0,1,0,0,1,0,0,2.4203679561615,225,49
"8",5,12,5,3,0,1,0,0,1,0,0,1,0,0,0,0,0,0,1,0,0,1.60943794250488,25,9
"9",3.59999990463257,12,26,4,0,1,0,2,1,0,0,1,0,0,0,1,0,0,1,0,0,1.2809339761734,676,16
"10",18.1800003051758,17,22,21,0,0,1,0,1,0,0,1,0,0,0,0,0,0,1,0,0,2.90032196044922,484,441
"11",6.25,16,8,2,0,1,0,0,1,0,0,1,0,0,0,1,0,0,1,0,0,1.83258199691772,64,4
"12",8.13000011444092,13,3,0,0,1,0,0,1,0,0,1,0,0,0,0,0,1,0,1,0,2.09556102752686,9,0
"13",8.77000045776367,12,15,0,0,0,1,2,1,0,0,1,0,0,0,0,0,0,0,0,0,2.17133688926697,225,0
"14",5.5,12,18,3,0,0,0,0,1,0,0,1,0,0,0,0,0,0,0,0,0,1.70474803447723,324,9
"15",22.2000007629395,12,31,15,0,0,1,1,1,0,0,1,0,0,0,0,0,0,1,0,0,3.1000919342041,961,225
"16",17.3299999237061,16,14,0,0,0,1,1,1,0,0,1,0,0,0,0,0,1,1,0,0,2.85243892669678,196,0
"17",7.5,12,10,0,0,1,1,0,1,0,0,1,0,0,0,0,0,0,0,1,0,2.01490306854248,100,0
"18",10.6300001144409,13,16,10,0,1,0,0,1,0,0,1,0,0,0,0,0,1,1,0,0,2.36367988586426,256,100
"19",3.59999990463257,12,13,0,0,1,1,3,1,0,0,1,0,0,0,0,0,0,0,0,0,1.2809339761734,169,0
"20",4.5,12,36,6,0,1,1,0,1,0,0,1,0,0,0,0,0,1,0,0,1,1.50407695770264,1296,36
"21",6.88000011444092,12,11,4,0,1,0,0,1,0,0,1,0,0,0,0,0,1,1,0,0,1.92861902713776,121,16
"22",8.47999954223633,12,29,13,0,0,1,3,1,0,0,1,0,0,0,0,0,0,0,0,0,2.1377100944519,841,169
"23",6.32999992370605,16,9,9,0,1,0,0,1,0,0,1,0,0,0,0,0,0,1,0,0,1.84529995918274,81,81
"24",0.529999971389771,12,3,1,0,1,0,0,1,0,0,1,0,0,0,0,1,0,0,0,1,-0.634878277778625,9,1
"25",6,11,37,8,1,1,0,0,1,0,0,1,0,0,0,0,1,0,0,0,0,1.79175901412964,1369,64
"26",9.5600004196167,16,3,3,1,0,1,1,1,0,0,1,0,1,0,0,0,0,1,0,0,2.25758790969849,9,9
"27",7.78000020980835,16,11,10,0,0,1,1,1,0,0,1,0,0,1,0,0,0,0,0,0,2.05155611038208,121,100
"28",12.5,16,31,0,0,0,1,0,1,0,0,1,0,0,0,0,0,0,1,0,0,2.52572894096375,961,0
"29",12.5,15,30,0,0,0,1,2,1,0,0,1,0,0,0,0,0,0,1,0,0,2.52572894096375,900,0
"30",3.25,8,9,1,0,1,1,2,1,0,0,1,0,0,0,0,0,0,0,0,0,1.1786550283432,81,1
"31",13,14,23,5,0,0,1,2,1,0,0,1,0,0,0,0,0,1,1,0,0,2.56494903564453,529,25
"32",4.5,14,2,5,0,1,0,2,1,0,0,1,0,0,0,1,0,0,0,0,0,1.50407695770264,4,25
"33",9.68000030517578,13,16,16,0,1,0,0,1,0,0,1,0,0,0,0,0,0,1,0,0,2.27006196975708,256,256
"34",5,12,7,3,0,1,0,0,1,0,0,1,0,0,0,0,0,0,0,1,0,1.60943794250488,49,9
"35",4.67999982833862,12,3,0,0,1,0,0,1,0,0,1,0,0,0,0,1,0,0,1,0,1.54329800605774,9,0
"36",4.26999998092651,16,22,4,1,1,1,1,1,0,0,1,0,0,0,1,0,0,1,0,0,1.45161402225494,484,16
"37",6.15000009536743,12,15,6,1,1,1,1,1,0,0,1,0,0,0,0,1,0,0,0,1,1.81645202636719,225,36
"38",3.50999999046326,4,39,15,0,0,1,5,1,0,0,1,0,0,0,1,0,0,0,0,0,1.25561594963074,1521,225
"39",3,14,3,3,0,1,1,0,1,0,0,1,0,0,0,0,0,1,0,1,0,1.09861195087433,9,9
"40",6.25,12,11,0,0,1,0,0,1,0,0,1,0,0,0,0,0,1,0,1,0,1.83258199691772,121,0
"41",7.80999994277954,12,3,0,0,1,1,0,1,0,0,1,0,0,0,0,1,0,0,0,1,2.05540490150452,9,0
"42",10,12,20,5,1,1,1,4,1,0,0,1,0,0,0,0,0,1,0,1,0,2.3025848865509,400,25
"43",4.5,14,16,0,0,1,1,1,1,0,0,1,0,0,0,0,0,1,0,1,0,1.50407695770264,256,0
"44",4,11,45,12,0,1,1,0,1,0,0,1,0,0,0,0,0,1,0,0,1,1.38629400730133,2025,144
"45",6.38000011444092,13,11,4,0,1,0,0,1,0,0,1,0,0,0,0,0,0,0,0,0,1.85316801071167,121,16
"46",13.6999998092651,15,20,13,0,0,1,2,1,0,0,1,0,0,0,0,0,1,1,0,0,2.61739611625671,400,169
"47",1.66999995708466,10,1,0,0,0,0,1,1,0,0,1,0,0,0,0,1,0,0,0,0,0.512823581695557,1,0
"48",2.9300000667572,12,36,2,0,1,1,1,1,0,0,1,0,0,0,1,0,0,1,0,0,1.07500195503235,1296,4
"49",3.65000009536743,14,9,2,0,0,0,0,1,0,0,1,0,0,0,1,0,0,1,0,0,1.29472696781158,81,4
"50",2.90000009536743,12,15,1,0,1,1,2,1,0,0,1,0,0,0,0,1,0,0,0,1,1.0647109746933,225,1
"51",1.62999999523163,12,18,0,0,1,0,2,0,0,0,0,0,0,0,0,1,0,0,0,1,0.488579988479614,324,0
"52",8.60000038146973,16,3,2,0,1,0,0,1,0,0,0,0,0,0,0,0,1,1,0,0,2.15176200866699,9,4
"53",5,12,15,5,0,0,1,1,1,0,0,0,0,0,0,1,0,0,0,1,0,1.60943794250488,225,25
"54",6,12,7,7,0,0,1,0,1,0,0,0,0,0,0,0,0,0,0,0,0,1.79175901412964,49,49
"55",2.5,12,2,0,0,0,0,2,0,0,0,0,0,0,0,0,0,0,0,0,0,0.916290819644928,4,0
"56",3.25,15,3,0,0,0,0,1,0,0,0,0,0,0,0,1,0,0,0,0,1,1.1786550283432,9,0
"57",3.40000009536743,16,1,1,0,1,0,1,0,0,0,0,0,0,0,1,0,0,0,0,1,1.22377598285675,1,1
"58",10,8,13,0,1,0,0,0,1,0,0,0,0,0,0,1,0,0,0,0,0,2.3025848865509,169,0
"59",21.6299991607666,18,8,8,0,1,0,0,1,0,0,0,0,0,0,0,0,1,1,0,0,3.07408094406128,64,64
"60",4.38000011444092,16,7,0,0,0,0,0,1,0,0,0,0,0,0,1,0,0,0,0,1,1.47704899311066,49,0
"61",11.710000038147,13,40,20,0,1,0,0,1,0,0,0,0,1,0,0,0,0,1,0,0,2.46044301986694,1600,400
"62",12.3900003433228,14,42,5,0,0,0,0,1,0,0,0,0,0,0,0,0,1,1,0,0,2.51689004898071,1764,25
"63",6.25,10,36,8,0,0,0,0,1,0,0,0,0,0,0,1,0,0,0,0,1,1.83258199691772,1296,64
"64",3.71000003814697,10,13,0,1,1,0,4,1,0,0,0,0,0,0,0,0,1,0,1,0,1.31103205680847,169,0
"65",7.78000020980835,14,9,3,0,0,0,0,1,0,0,0,0,0,0,0,0,1,1,0,0,2.05155611038208,81,9
"66",19.9799995422363,14,26,23,0,0,1,2,1,0,0,0,0,0,0,0,0,0,1,0,0,2.99473190307617,676,529
"67",6.25,16,7,4,1,1,1,3,1,0,0,0,0,0,0,0,0,1,1,0,0,1.83258199691772,49,16
"68",10,12,25,3,0,0,1,3,1,0,0,0,0,0,0,0,0,1,1,0,0,2.3025848865509,625,9
"69",5.71000003814697,16,10,5,0,0,1,1,1,0,0,0,0,0,0,0,0,1,1,0,0,1.74221897125244,100,25
"70",2,12,3,2,0,1,0,4,1,0,0,0,0,0,0,0,1,0,0,0,0,0.6931471824646,9,4
"71",5.71000003814697,16,3,0,0,1,0,0,1,0,0,0,0,0,0,1,0,0,0,1,0,1.74221897125244,9,0
"72",13.0799999237061,17,17,2,1,0,1,3,1,0,0,0,0,0,0,0,0,1,1,0,0,2.57108402252197,289,4
"73",4.90999984741211,12,17,8,0,0,1,2,1,0,0,0,0,0,0,0,0,0,0,0,0,1.59127402305603,289,64
"74",2.91000008583069,12,20,34,0,1,1,2,1,0,0,0,0,0,0,0,1,0,0,1,0,1.06815302371979,400,1156
"75",3.75,12,7,0,0,1,1,0,1,0,0,0,1,0,0,0,0,0,0,1,0,1.32175600528717,49,0
"76",11.8999996185303,13,24,19,0,0,1,2,1,0,0,0,0,0,0,0,0,1,1,0,0,2.47653794288635,576,361
"77",4,12,28,0,0,1,1,1,1,0,0,0,0,0,0,0,0,1,0,1,0,1.38629400730133,784,0
"78",3.09999990463257,12,2,1,0,1,0,1,1,0,0,0,0,0,0,1,0,0,0,1,0,1.13140201568604,4,1
"79",8.44999980926514,12,19,13,0,0,1,4,1,0,0,0,0,0,0,0,0,0,0,0,0,2.13416600227356,361,169
"80",7.1399998664856,18,13,0,0,0,1,2,1,0,0,0,0,0,0,0,0,1,1,0,0,1.9657130241394,169,0
"81",4.5,9,22,5,0,0,1,4,1,0,0,0,0,0,0,0,0,0,0,0,0,1.50407695770264,484,25
"82",4.65000009536743,16,3,1,0,0,0,0,1,0,0,0,0,1,0,0,0,0,0,0,0,1.53686702251434,9,1
"83",2.90000009536743,10,4,0,0,1,0,1,1,0,0,0,0,0,0,0,0,1,0,0,1,1.0647109746933,16,0
"84",6.67000007629395,12,7,5,0,0,0,0,1,0,0,0,0,0,0,0,0,0,1,0,0,1.89761996269226,49,25
"85",3.5,12,6,2,1,1,0,1,1,0,0,0,0,0,0,0,0,1,0,0,1,1.25276303291321,36,4
"86",3.25999999046326,12,13,3,0,1,1,1,1,0,0,0,0,0,0,1,0,0,1,0,0,1.18172705173492,169,9
"87",3.25,12,14,0,0,1,1,1,1,0,0,0,0,0,0,0,0,1,0,1,0,1.1786550283432,196,0
"88",8,12,14,4,0,1,0,1,1,0,0,0,0,0,0,0,0,1,1,0,0,2.07944202423096,196,16
"89",9.85000038146973,8,40,24,1,0,1,2,1,0,0,0,0,0,0,0,0,0,0,0,0,2.28747200965881,1600,576
"90",7.5,12,11,7,0,0,1,1,1,0,0,0,0,0,0,0,0,0,0,0,0,2.01490306854248,121,49
"91",5.90999984741211,12,14,6,0,0,1,2,0,0,0,0,0,0,1,0,0,0,0,0,0,1.77664601802826,196,36
"92",11.7600002288818,14,40,39,0,0,1,0,1,0,0,0,0,0,1,0,0,0,1,0,0,2.46470403671265,1600,1521
"93",3,12,1,0,0,1,0,2,1,0,0,0,0,0,0,1,0,0,1,0,0,1.09861195087433,1,0
"94",4.80999994277954,12,2,0,0,1,0,0,1,0,0,0,0,0,0,0,0,1,0,0,1,1.5706969499588,4,0
"95",6.5,12,4,1,0,1,0,0,1,0,0,0,0,0,0,0,0,1,1,0,0,1.87180197238922,16,1
"96",4,9,19,1,0,1,1,1,1,0,0,0,0,0,0,0,1,0,0,0,1,1.38629400730133,361,1
"97",3.5,13,1,0,0,0,0,1,1,0,0,0,0,1,0,0,0,0,1,0,0,1.25276303291321,1,0
"98",13.1599998474121,12,34,22,0,0,1,0,1,0,0,0,0,0,0,1,0,0,1,0,0,2.57718205451965,1156,484
"99",4.25,14,5,2,0,0,1,2,1,0,0,0,0,0,0,1,0,0,0,0,0,1.44691896438599,25,4
"100",3.5,12,3,0,0,0,0,0,1,0,0,0,0,0,0,1,0,0,0,0,1,1.25276303291321,9,0
"101",5.13000011444092,15,6,6,0,1,0,0,1,0,0,0,0,1,0,0,0,0,1,0,0,1.63510596752167,36,36
"102",3.75,12,14,0,0,1,1,3,1,0,0,0,0,0,0,0,1,0,0,0,1,1.32175600528717,196,0
"103",4.5,12,35,12,0,1,1,0,1,0,0,0,0,0,0,0,0,1,0,1,0,1.50407695770264,1225,144
"104",7.63000011444092,12,8,4,0,1,0,0,1,0,0,0,0,0,1,0,0,0,0,1,0,2.03208804130554,64,16
"105",15,14,7,7,1,0,1,1,1,0,0,0,0,0,0,0,0,0,0,0,0,2.7080500125885,49,49
"106",6.84999990463257,15,11,3,0,1,1,2,1,0,0,0,0,0,0,0,0,1,1,0,0,1.9242490530014,121,9
"107",13.3299999237061,12,14,11,0,0,1,2,1,0,0,0,0,0,0,1,0,0,1,0,0,2.59001708030701,196,121
"108",6.67000007629395,12,35,10,0,0,0,0,1,0,0,0,0,0,0,0,0,0,0,0,0,1.89761996269226,1225,100
"109",2.52999997138977,12,46,0,0,1,0,0,1,0,0,0,0,0,0,1,0,0,1,0,0,0.928219318389893,2116,0
"110",9.80000019073486,17,7,0,0,0,1,0,1,0,0,0,0,0,0,0,1,0,1,0,0,2.28238201141357,49,0
"111",3.36999988555908,11,45,12,0,0,1,0,1,0,0,0,0,0,0,1,0,0,1,0,0,1.21491301059723,2025,144
"112",24.9799995422363,18,29,25,0,0,1,0,1,0,0,0,0,0,0,0,0,0,1,0,0,3.21807599067688,841,625
"113",5.40000009536743,12,6,3,0,0,1,0,1,0,0,0,0,0,0,0,1,0,0,0,0,1.68639898300171,36,9
"114",6.1100001335144,14,15,0,0,0,1,2,1,0,0,0,0,0,0,1,0,0,1,0,0,1.80992698669434,225,0
"115",4.19999980926514,14,33,16,0,1,1,0,1,0,0,0,0,0,0,0,0,1,1,0,0,1.43508398532867,1089,256
"116",3.75,10,15,0,0,0,0,0,1,0,0,0,0,0,0,1,0,0,0,0,0,1.32175600528717,225,0
"117",3.5,14,5,0,0,1,1,0,0,0,1,0,0,0,0,0,0,1,0,1,0,1.25276303291321,25,0
"118",3.64000010490417,12,7,2,0,0,0,0,1,0,1,0,0,0,0,0,0,1,0,0,1,1.29198396205902,49,4
"119",3.79999995231628,15,6,1,0,0,1,1,1,0,1,0,0,0,0,1,0,0,0,0,0,1.33500099182129,36,1
"120",3,8,33,12,0,1,1,3,0,0,1,0,0,1,0,0,0,0,0,0,0,1.09861195087433,1089,144
"121",5,16,2,1,0,1,1,0,0,0,1,0,0,0,0,1,0,0,1,0,0,1.60943794250488,4,1
"122",4.63000011444092,14,4,0,0,1,1,2,1,0,1,0,0,0,0,0,0,1,0,0,1,1.53255701065063,16,0
"123",3,15,1,0,0,0,0,0,1,0,1,0,0,0,0,1,0,0,1,0,0,1.09861195087433,1,0
"124",3.20000004768372,12,29,0,0,1,0,1,1,0,1,0,0,0,0,0,0,0,0,1,0,1.16315102577209,841,0
"125",3.91000008583069,18,17,3,0,0,1,2,0,0,1,0,0,0,0,0,0,1,1,0,0,1.36353695392609,289,9
"126",6.42999982833862,16,17,3,0,1,1,2,0,0,1,0,0,0,0,0,0,1,1,0,0,1.86097502708435,289,9
"127",5.48000001907349,10,36,3,0,1,1,0,1,0,1,0,0,0,0,0,0,0,0,0,0,1.70110499858856,1296,9
"128",1.5,8,31,30,0,0,0,0,0,0,1,0,0,0,0,1,0,0,0,0,0,0.405465096235275,961,900
"129",2.90000009536743,10,23,2,0,1,0,2,0,0,1,0,0,0,0,0,0,1,0,0,1,1.0647109746933,529,4
"130",5,11,13,1,0,0,1,0,0,0,1,0,0,0,0,1,0,0,0,0,0,1.60943794250488,169,1
"131",8.92000007629395,18,3,3,0,0,1,0,1,0,1,0,0,0,0,1,0,0,1,0,0,2.18829607963562,9,9
"132",5,15,15,0,0,0,0,0,1,0,1,0,0,0,0,1,0,0,1,0,0,1.60943794250488,225,0
"133",3.51999998092651,12,48,1,0,0,1,0,0,0,1,0,0,0,0,0,0,1,0,0,0,1.25846099853516,2304,1
"134",2.90000009536743,11,6,0,0,1,0,1,0,0,1,0,0,1,0,0,0,0,0,0,0,1.0647109746933,36,0
"135",4.5,12,12,0,0,0,1,3,1,0,1,0,0,0,0,1,0,0,0,0,0,1.50407695770264,144,0
"136",2.25,12,5,0,0,1,0,2,1,0,1,0,0,0,0,1,0,0,0,0,1,0.810930192470551,25,0
"137",5,14,19,5,0,0,1,4,1,0,1,0,0,0,0,1,0,0,0,0,0,1.60943794250488,361,25
"138",10,16,9,3,1,0,1,2,1,0,1,0,0,0,0,0,0,0,1,0,0,2.3025848865509,81,9
"139",3.75,2,39,13,0,0,1,0,1,0,1,0,0,0,0,0,0,1,0,0,1,1.32175600528717,1521,169
"140",10,14,28,11,0,1,1,0,1,0,1,0,0,1,0,0,0,0,1,0,0,2.3025848865509,784,121
"141",10.9499998092651,16,23,20,0,0,1,4,1,0,1,0,0,1,0,0,0,0,1,0,0,2.39333891868591,529,400
"142",7.90000009536743,12,2,0,0,0,0,0,1,0,1,0,1,0,0,0,0,0,0,0,0,2.06686305999756,4,0
"143",4.71999979019165,12,15,1,0,1,0,0,1,0,1,0,0,0,0,0,0,0,0,0,0,1.55180895328522,225,1
"144",5.84000015258789,13,5,0,0,1,1,1,1,0,1,0,0,0,0,0,0,1,0,1,0,1.76473104953766,25,0
"145",3.82999992370605,12,18,2,0,1,0,3,1,0,1,0,0,0,0,0,0,0,0,1,0,1.34286499023438,324,4
"146",3.20000004768372,15,2,2,0,1,0,2,1,0,1,0,0,0,1,0,0,0,0,0,0,1.16315102577209,4,4
"147",2,10,3,0,1,1,0,5,1,0,1,0,0,0,0,1,0,0,0,0,1,0.6931471824646,9,0
"148",4.5,12,31,4,0,1,1,3,1,0,1,0,0,0,0,0,0,1,0,1,0,1.50407695770264,961,16
"149",11.5500001907349,16,20,5,0,1,1,3,1,0,1,0,1,0,0,0,0,0,0,1,0,2.4466860294342,400,25
"150",2.14000010490417,13,34,15,1,1,1,0,1,0,1,0,0,0,0,0,1,0,0,0,0,0.760805904865265,1156,225
"151",2.38000011444092,9,5,0,1,0,0,5,1,0,1,0,0,0,0,0,0,0,0,0,1,0.867100477218628,25,0
"152",3.75,12,11,0,0,0,0,1,1,0,1,0,0,0,0,0,0,0,0,0,0,1.32175600528717,121,0
"153",5.51999998092651,13,31,3,0,0,0,0,1,0,1,0,0,0,0,1,0,0,0,0,0,1.70837795734406,961,9
"154",6.5,12,8,5,0,1,1,0,1,0,1,0,0,0,1,0,0,0,0,1,0,1.87180197238922,64,25
"155",3.09999990463257,12,2,2,0,1,0,1,1,0,1,0,0,1,0,0,0,0,0,0,0,1.13140201568604,4,4
"156",10,14,18,5,0,0,1,2,1,0,1,0,0,0,0,0,0,0,1,0,0,2.3025848865509,324,25
"157",6.63000011444092,16,3,0,0,0,1,0,1,0,1,0,0,0,0,0,0,1,1,0,0,1.8916050195694,9,0
"158",10,16,3,2,0,0,1,0,1,0,1,0,0,0,1,0,0,0,1,0,0,2.3025848865509,9,4
"159",2.30999994277954,9,4,1,0,1,0,5,0,1,0,0,0,0,0,1,0,0,0,0,1,0.837247490882874,16,1
"160",6.88000011444092,18,4,4,0,0,0,0,1,1,0,0,0,0,0,0,0,1,1,0,0,1.92861902713776,16,16
"161",2.82999992370605,10,1,0,0,0,0,4,1,1,0,0,0,0,0,1,0,0,0,0,0,1.04027700424194,1,0
"162",3.13000011444092,10,1,0,0,1,0,1,1,1,0,0,0,0,0,1,0,0,1,0,0,1.14103305339813,1,0
"163",8,13,28,5,0,0,1,1,1,1,0,0,0,0,0,0,1,0,1,0,0,2.07944202423096,784,25
"164",4.5,12,47,4,0,1,1,0,1,1,0,0,0,0,0,1,0,0,0,1,0,1.50407695770264,2209,16
"165",8.64999961853027,18,13,1,0,1,0,0,1,1,0,0,0,1,0,0,0,0,1,0,0,2.15755891799927,169,1
"166",2,13,2,6,0,1,0,0,1,1,0,0,0,0,0,0,1,0,0,0,1,0.6931471824646,4,36
"167",4.75,12,48,2,0,1,1,0,1,1,0,0,0,0,0,0,0,1,0,0,1,1.55814504623413,2304,4
"168",6.25,13,6,5,0,1,1,1,1,1,0,0,0,0,0,0,0,1,1,0,0,1.83258199691772,36,25
"169",6,13,8,0,0,0,1,2,1,1,0,0,0,0,0,0,0,1,0,0,1,1.79175901412964,64,0
"170",15.3800001144409,13,25,21,0,0,1,2,1,1,0,0,0,0,0,0,0,1,1,0,0,2.73306798934937,625,441
"171",14.5799999237061,18,13,7,0,1,0,0,1,1,0,0,0,0,0,0,0,1,1,0,0,2.6796510219574,169,49
"172",12.5,12,8,1,0,0,0,0,1,1,0,0,0,0,0,0,0,0,0,0,0,2.52572894096375,64,1
"173",5.25,12,19,10,0,1,1,2,1,1,0,0,0,0,1,0,0,0,0,1,0,1.65822803974152,361,100
"174",2.17000007629395,13,1,4,0,1,0,1,1,1,0,0,0,1,0,0,0,0,0,0,1,0.77472722530365,1,16
"175",7.1399998664856,12,43,5,0,1,0,0,1,1,0,0,0,0,0,0,0,0,0,0,0,1.9657130241394,1849,25
"176",6.21999979019165,12,19,9,0,1,1,1,1,1,0,0,0,0,0,0,0,1,0,1,0,1.82776999473572,361,81
"177",9,12,11,5,0,1,1,0,1,1,0,0,0,0,0,0,0,1,1,0,0,2.19722509384155,121,25
"178",10,14,43,4,0,0,1,0,1,1,0,0,0,0,0,0,0,1,1,0,0,2.3025848865509,1849,16
"179",5.76999998092651,10,44,3,0,0,1,0,1,1,0,0,0,0,0,0,0,1,1,0,0,1.75267195701599,1936,9
"180",4,12,22,11,0,1,1,2,1,1,0,0,0,1,0,0,0,0,0,0,0,1.38629400730133,484,121
"181",8.75,16,3,2,0,0,1,1,1,1,0,0,0,1,0,0,0,0,1,0,0,2.16905403137207,9,4
"182",6.53000020980835,16,3,2,0,1,0,0,1,1,0,0,0,0,0,0,0,1,1,0,0,1.87640702724457,9,4
"183",7.59999990463257,12,41,11,0,1,0,0,1,1,0,0,0,0,0,0,0,1,1,0,0,2.02814793586731,1681,121
"184",5,14,5,0,0,0,0,0,1,1,0,0,0,0,0,1,0,0,0,0,0,1.60943794250488,25,0
"185",5,12,14,11,0,1,0,0,1,1,0,0,0,0,0,0,0,1,0,0,1,1.60943794250488,196,121
"186",21.8600006103516,12,24,16,0,0,1,3,1,1,0,0,0,0,0,1,0,0,1,0,0,3.08465909957886,576,256
"187",8.64000034332275,12,28,8,0,0,1,0,1,1,0,0,0,1,0,0,0,0,1,0,0,2.15640306472778,784,64
"188",3.29999995231628,12,25,8,0,0,1,1,1,1,0,0,0,0,0,1,0,0,0,0,0,1.19392204284668,625,64
"189",4.44000005722046,12,3,0,0,0,0,0,1,1,0,0,0,0,0,1,0,0,1,0,0,1.49065399169922,9,0
"190",4.55000019073486,12,11,0,0,0,1,0,0,1,0,0,0,0,0,0,0,0,0,0,0,1.51512694358826,121,0
"191",3.5,12,7,6,1,1,1,0,0,1,0,0,0,0,0,0,0,0,0,0,0,1.25276303291321,49,36
"192",6.25,16,9,2,0,0,1,1,0,1,0,0,0,0,0,0,0,1,1,0,0,1.83258199691772,81,4
"193",3.84999990463257,16,5,0,0,0,1,0,1,1,0,0,0,0,0,1,0,0,0,0,0,1.34807300567627,25,0
"194",6.17999982833862,14,9,3,0,1,1,0,1,1,0,0,0,0,0,0,0,1,1,0,0,1.82131803035736,81,9
"195",2.91000008583069,11,1,0,0,1,0,3,1,1,0,0,0,0,0,0,1,0,1,0,0,1.06815302371979,1,0
"196",6.25,16,2,1,1,1,0,0,1,1,0,0,0,0,0,1,0,0,1,0,0,1.83258199691772,4,1
"197",6.25,12,13,0,0,1,1,0,1,1,0,0,0,0,0,0,0,1,0,1,0,1.83258199691772,169,0
"198",9.05000019073486,12,10,2,0,0,1,3,1,1,0,0,1,0,0,0,0,0,1,0,0,2.20276498794556,100,4
"199",10,17,5,3,0,0,1,0,1,1,0,0,0,0,0,0,0,0,1,0,0,2.3025848865509,25,9
"200",11.1099996566772,12,30,8,0,0,1,0,1,1,0,0,0,0,0,1,0,0,1,0,0,2.40784502029419,900,64
"201",6.88000011444092,12,31,19,0,0,1,3,1,1,0,0,0,0,0,0,0,1,0,0,1,1.92861902713776,961,361
"202",8.75,16,1,2,1,0,0,0,1,1,0,0,0,0,0,0,0,0,1,0,0,2.16905403137207,1,4
"203",10,8,9,0,0,0,1,0,1,1,0,0,1,0,0,0,0,0,0,0,0,2.3025848865509,81,0
"204",3.04999995231628,12,10,0,0,1,1,2,1,1,0,0,0,0,0,1,0,0,0,0,0,1.1151419878006,100,0
"205",3,12,38,0,0,1,1,0,0,1,0,0,0,0,0,0,1,0,0,1,0,1.09861195087433,1444,0
"206",5.80000019073486,12,19,6,0,1,1,2,0,1,0,0,0,1,0,0,0,0,0,0,0,1.75785803794861,361,36
"207",4.09999990463257,16,5,0,0,1,1,0,1,1,0,0,0,0,0,0,0,1,1,0,0,1.41098701953888,25,0
"208",8,12,26,2,0,0,1,1,1,1,0,0,0,0,0,0,0,0,0,0,0,2.07944202423096,676,4
"209",6.15000009536743,12,35,12,0,1,0,0,1,1,0,0,0,0,0,1,0,0,0,0,0,1.81645202636719,1225,144
"210",2.70000004768372,9,2,0,0,1,0,1,1,1,0,0,0,0,0,1,0,0,0,1,0,0.993251800537109,4,0
"211",2.75,13,1,2,0,1,0,1,1,1,0,0,0,0,0,0,0,1,0,0,1,1.01160097122192,1,4
"212",3,16,19,10,0,1,1,0,1,1,0,0,0,0,0,1,0,0,0,1,0,1.09861195087433,361,100
"213",3,14,3,2,0,1,0,0,1,1,0,0,0,0,0,0,0,1,0,0,1,1.09861195087433,9,4
"214",7.3600001335144,8,36,24,0,0,1,3,1,1,0,0,0,0,0,0,0,0,0,0,0,1.99606001377106,1296,576
"215",7.5,14,29,24,0,0,1,1,1,1,0,0,0,0,0,0,0,0,1,0,0,2.01490306854248,841,576
"216",3.5,13,1,2,0,0,0,3,1,1,0,0,0,0,0,1,0,0,0,0,0,1.25276303291321,1,4
"217",8.10000038146973,12,38,3,0,1,1,1,1,1,0,0,0,0,0,0,0,1,1,0,0,2.09186410903931,1444,9
"218",3.75,18,1,2,0,0,0,1,1,1,0,0,0,0,0,0,0,1,1,0,0,1.32175600528717,1,4
"219",3.25,9,29,0,1,0,1,1,1,1,0,0,0,0,0,0,0,0,0,0,0,1.1786550283432,841,0
"220",5.82999992370605,8,36,15,0,1,1,0,0,0,0,0,0,0,0,0,0,1,0,1,0,1.7630170583725,1296,225
"221",3.5,8,4,0,0,0,0,3,1,0,0,0,0,0,0,1,0,0,0,0,1,1.25276303291321,16,0
"222",3.32999992370605,12,45,4,0,1,1,0,0,0,0,0,0,0,0,1,0,0,0,0,0,1.20297205448151,2025,16
"223",4,14,22,3,0,1,0,0,1,0,0,0,1,0,0,0,0,0,0,1,0,1.38629400730133,484,9
"224",3.5,12,20,4,0,1,1,2,0,0,0,0,0,0,0,0,0,1,0,1,0,1.25276303291321,400,16
"225",6.25,16,5,0,0,0,1,0,1,0,0,0,0,1,0,0,0,0,1,0,0,1.83258199691772,25,0
"226",2.95000004768372,8,15,2,1,1,1,1,1,0,0,0,0,1,0,0,0,0,0,0,0,1.08180499076843,225,4
"227",5.71000003814697,13,10,2,0,1,1,0,1,0,0,0,0,0,0,1,0,0,1,0,0,1.74221897125244,100,4
"228",3,9,3,0,0,1,0,0,1,0,0,0,0,0,0,0,1,0,0,0,0,1.09861195087433,9,0
"229",22.8600006103516,16,16,7,0,0,1,2,1,0,0,0,0,0,0,0,0,0,1,0,0,3.12938904762268,256,49
"230",9,12,38,1,0,0,1,0,1,0,0,0,0,0,0,0,0,1,1,0,0,2.19722509384155,1444,1
"231",8.32999992370605,15,33,26,0,0,1,1,1,0,0,0,0,0,0,0,0,1,1,0,0,2.11986398696899,1089,676
"232",3,11,2,0,0,0,0,0,1,0,0,0,0,0,0,1,0,0,0,0,0,1.09861195087433,4,0
"233",5.75,14,6,5,0,0,1,0,1,0,0,0,0,0,0,1,0,0,1,0,0,1.74919998645782,36,25
"234",6.76000022888184,12,19,3,1,0,1,2,1,0,0,0,0,1,0,0,0,0,0,0,0,1.91102302074432,361,9
"235",10,12,29,0,0,0,1,2,1,0,0,0,0,0,0,0,0,1,0,1,0,2.3025848865509,841,0
"236",3,12,2,0,0,0,0,0,1,0,0,0,1,0,0,0,0,0,0,0,0,1.09861195087433,4,0
"237",3.5,18,3,1,0,1,0,0,1,0,0,0,0,0,1,0,0,0,1,0,0,1.25276303291321,9,1
"238",3.25,12,4,0,0,0,0,0,1,0,0,0,0,0,0,0,1,0,0,0,0,1.1786550283432,16,0
"239",4,12,10,1,1,1,0,0,1,0,0,0,0,0,0,0,0,1,0,1,0,1.38629400730133,100,1
"240",2.92000007629395,12,4,0,0,1,0,1,0,0,1,0,0,0,0,1,0,0,1,0,0,1.07158398628235,16,0
"241",3.05999994277954,12,14,10,1,1,0,3,0,0,1,0,0,0,0,1,0,0,0,0,0,1.1184149980545,196,100
"242",3.20000004768372,12,15,5,0,1,1,1,0,0,1,0,0,0,0,0,0,1,1,0,0,1.16315102577209,225,25
"243",4.75,12,19,0,0,0,1,3,0,0,1,0,0,0,0,0,0,0,0,0,0,1.55814504623413,361,0
"244",3,14,17,0,0,1,1,4,1,0,1,0,0,0,0,0,1,0,0,1,0,1.09861195087433,289,0
"245",18.1599998474121,16,29,7,0,0,1,1,1,0,1,0,0,1,0,0,0,0,1,0,0,2.89922094345093,841,49
"246",3.5,12,2,0,0,1,0,2,1,0,1,0,0,0,1,0,0,0,0,1,0,1.25276303291321,4,0
"247",4.1100001335144,14,5,0,0,0,0,0,0,0,1,0,0,0,0,0,0,1,1,0,0,1.41342294216156,25,0
"248",1.96000003814697,11,38,3,1,1,0,0,0,0,1,0,0,0,0,0,1,0,0,0,0,0.672944486141205,1444,9
"249",4.28999996185303,12,3,0,0,1,0,0,0,0,1,0,0,0,0,1,0,0,0,0,1,1.45628702640533,9,0
"250",3,10,47,0,0,0,0,0,0,0,1,0,0,0,0,0,1,0,0,0,1,1.09861195087433,2209,0
"251",6.44999980926514,12,7,6,0,0,1,0,0,0,1,0,0,0,0,1,0,0,0,0,0,1.86407995223999,49,36
"252",5.19999980926514,6,47,13,1,0,1,0,1,0,1,0,1,0,0,0,0,0,0,0,0,1.64865899085999,2209,169
"253",4.5,13,23,2,1,1,0,0,1,0,1,0,0,0,0,1,0,0,1,0,0,1.50407695770264,529,4
"254",3.88000011444092,12,12,3,0,0,1,3,1,0,1,0,0,0,0,1,0,0,0,1,0,1.3558349609375,144,9
"255",3.45000004768372,10,11,0,0,1,0,2,1,0,1,0,0,0,0,1,0,0,0,0,1,1.23837399482727,121,0
"256",10.9099998474121,12,25,23,0,0,0,0,1,0,1,0,0,0,1,0,0,0,0,0,0,2.38967990875244,625,529
"257",4.09999990463257,14,6,0,0,1,1,0,1,0,1,0,0,0,0,0,1,0,0,0,1,1.41098701953888,36,0
"258",3,13,3,1,0,0,0,0,1,0,1,0,0,0,0,1,0,0,0,0,0,1.09861195087433,9,1
"259",5.90000009536743,12,14,7,1,0,1,2,1,0,1,0,0,0,0,0,1,0,0,0,0,1.77495205402374,196,49
"260",18,18,13,0,0,1,0,0,1,0,1,0,0,0,0,0,0,1,1,0,0,2.89037203788757,169,0
"261",4,12,9,0,0,0,0,0,1,0,1,0,0,0,0,0,0,1,1,0,0,1.38629400730133,81,0
"262",3,12,1,0,1,0,0,0,1,0,1,0,0,0,0,0,1,0,0,0,0,1.09861195087433,1,0
"263",3.54999995231628,12,6,0,0,1,1,1,0,0,0,0,0,0,0,0,0,0,0,0,0,1.26694798469543,36,0
"264",3,12,11,1,0,1,1,2,0,0,0,0,0,0,0,0,1,0,0,0,1,1.09861195087433,121,1
"265",8.75,12,47,44,0,0,1,0,0,0,0,0,0,0,0,0,0,0,0,0,0,2.16905403137207,2209,1936
"266",2.90000009536743,8,49,6,0,1,0,1,0,0,0,0,0,1,0,0,0,0,0,0,0,1.0647109746933,2401,36
"267",6.26000022888184,13,37,17,0,1,1,0,1,0,0,0,0,0,0,0,0,1,1,0,0,1.83417999744415,1369,289
"268",3.5,13,2,0,0,1,0,0,1,0,0,0,0,0,0,1,0,0,1,0,0,1.25276303291321,4,0
"269",4.59999990463257,14,7,0,0,1,1,0,1,0,0,0,0,0,0,1,0,0,0,1,0,1.52605605125427,49,0
"270",6,12,22,8,0,0,0,2,1,0,0,0,0,0,0,1,0,0,1,0,0,1.79175901412964,484,64
"271",2.89000010490417,10,8,0,0,1,0,1,1,0,0,0,0,0,0,0,0,0,0,0,0,1.06125700473785,64,0
"272",5.57999992370605,16,1,1,0,0,1,0,1,0,0,0,0,0,0,0,0,1,0,1,0,1.71918904781342,1,1
"273",4,12,43,6,0,1,1,0,0,0,0,0,0,0,1,0,0,0,0,0,0,1.38629400730133,1849,36
"274",6,16,2,2,0,0,0,0,1,0,0,0,0,1,0,0,0,0,0,0,0,1.79175901412964,4,4
"275",4.5,12,2,1,0,1,0,2,1,0,0,0,1,0,0,0,0,0,0,0,0,1.50407695770264,4,1
"276",2.92000007629395,14,1,3,0,0,0,0,1,0,0,0,0,0,0,0,0,1,0,1,0,1.07158398628235,1,9
"277",4.32999992370605,18,1,0,0,0,0,0,1,0,0,0,0,0,0,1,0,0,1,0,0,1.4655669927597,1,0
"278",18.8899993896484,17,26,20,0,0,1,2,1,0,0,0,0,0,0,0,0,1,1,0,0,2.93863296508789,676,400
"279",4.28000020980835,13,1,1,0,1,0,2,1,0,0,0,0,0,0,1,0,0,1,0,0,1.45395302772522,1,1
"280",4.57000017166138,14,37,7,0,1,1,0,1,0,0,0,0,0,0,0,1,0,0,0,1,1.5195130109787,1369,49
"281",6.25,15,12,4,0,1,1,2,1,0,0,0,0,0,0,0,0,1,1,0,0,1.83258199691772,144,16
"282",2.95000004768372,14,41,23,1,0,1,0,0,1,0,0,0,0,0,0,0,1,1,0,0,1.08180499076843,1681,529
"283",8.75,12,24,1,0,0,0,0,1,1,0,0,0,1,0,0,0,0,1,0,0,2.16905403137207,576,1
"284",8.5,8,38,26,0,0,0,0,1,1,0,0,0,0,0,0,0,0,0,0,0,2.14006590843201,1444,676
"285",3.75,12,18,0,0,1,1,4,1,1,0,0,0,0,0,0,0,1,0,1,0,1.32175600528717,324,0
"286",3.15000009536743,12,26,1,0,0,1,0,1,1,0,0,0,0,0,1,0,0,1,0,0,1.14740300178528,676,1
"287",5,8,45,2,0,0,0,0,0,1,0,0,0,1,0,0,0,0,0,0,0,1.60943794250488,2025,4
"288",6.46000003814697,12,27,0,0,0,1,3,0,1,0,0,0,0,0,0,0,0,0,0,0,1.86562895774841,729,0
"289",2,9,2,0,0,0,0,3,0,1,0,0,0,0,0,1,0,0,0,0,1,0.6931471824646,4,0
"290",4.78999996185303,12,41,8,0,0,1,0,1,1,0,0,0,0,0,1,0,0,1,0,0,1.56652998924255,1681,64
"291",5.78000020980835,16,11,4,0,0,1,2,1,1,0,0,0,1,0,0,0,0,1,0,0,1.75440394878387,121,16
"292",3.1800000667572,12,5,0,0,1,1,0,1,1,0,0,0,0,0,0,0,1,0,0,1,1.15688097476959,25,0
"293",4.67999982833862,16,3,1,0,1,0,0,1,1,0,0,0,0,0,0,0,1,1,0,0,1.54329800605774,9,1
"294",4.09999990463257,12,3,2,0,1,0,0,1,1,0,0,0,0,0,0,0,1,0,0,1,1.41098701953888,9,4
"295",2.91000008583069,12,4,0,0,0,1,0,1,0,1,0,0,0,0,1,0,0,0,0,0,1.06815302371979,16,0
"296",6,13,21,13,0,0,1,4,0,0,1,0,0,1,0,0,0,0,0,0,0,1.79175901412964,441,169
"297",3.59999990463257,10,34,26,0,1,1,0,0,0,1,0,0,1,0,0,0,0,0,0,0,1.2809339761734,1156,676
"298",3.95000004768372,6,49,6,0,0,1,6,0,0,1,0,0,0,0,0,0,0,0,0,0,1.37371599674225,2401,36
"299",7,12,6,5,1,0,1,1,0,0,1,0,1,0,0,0,0,0,0,0,0,1.94590997695923,36,25
"300",3,12,26,9,0,1,1,0,0,0,1,0,0,0,0,0,1,0,0,0,1,1.09861195087433,676,81
"301",6.07999992370605,16,9,0,0,0,0,0,0,0,1,0,0,0,0,0,1,0,1,0,0,1.80500495433807,81,0
"302",8.63000011444092,12,23,9,0,0,1,1,0,0,1,0,0,1,0,0,0,0,0,0,0,2.15524506568909,529,81
"303",3,8,33,2,0,0,1,0,0,0,1,0,0,1,0,0,0,0,0,0,0,1.09861195087433,1089,4
"304",3.75,12,5,2,0,1,1,1,0,0,1,0,0,0,0,0,0,1,0,1,0,1.32175600528717,25,4
"305",2.90000009536743,6,49,7,0,0,1,0,0,0,1,0,0,0,0,0,0,0,0,0,1,1.0647109746933,2401,49
"306",3,4,48,0,1,0,1,0,0,0,1,0,0,1,0,0,0,0,0,0,0,1.09861195087433,2304,0
"307",6.25,11,35,31,0,0,1,0,1,0,1,0,0,0,0,1,0,0,0,0,0,1.83258199691772,1225,961
"308",3.5,11,23,2,1,1,0,2,0,0,1,0,0,1,0,0,0,0,0,0,0,1.25276303291321,529,4
"309",3,7,26,1,0,1,0,3,0,0,1,0,0,0,0,1,0,0,0,0,1,1.09861195087433,676,1
"310",3.24000000953674,12,16,0,0,1,1,2,1,0,1,0,0,0,0,1,0,0,0,1,0,1.17557299137115,256,0
"311",8.02000045776367,18,23,3,0,1,1,1,1,0,1,0,0,0,0,0,0,1,1,0,0,2.08193898200989,529,9
"312",3.32999992370605,12,36,8,0,1,1,1,1,0,1,0,0,0,0,0,0,1,0,1,0,1.20297205448151,1296,64
"313",5.25,16,4,0,0,0,0,0,1,0,1,0,0,1,0,0,0,0,1,0,0,1.65822803974152,16,0
"314",6.25,12,10,0,0,0,1,3,1,0,1,0,1,0,0,0,0,0,0,0,0,1.83258199691772,100,0
"315",3.5,14,18,2,0,0,1,1,0,1,0,0,0,0,0,1,0,0,1,0,0,1.25276303291321,324,4
"316",2.95000004768372,12,3,1,0,0,0,1,0,1,0,0,0,0,0,1,0,0,0,0,0,1.08180499076843,9,1
"317",3,10,7,0,0,1,1,2,0,1,0,0,0,0,0,0,0,1,0,0,1,1.09861195087433,49,0
"318",4.69000005722046,10,7,7,0,0,0,0,0,1,0,0,0,0,0,0,0,0,0,0,0,1.54543304443359,49,49
"319",3.73000001907349,9,33,2,0,1,0,1,0,1,0,0,0,0,0,0,0,0,0,0,0,1.31640803813934,1089,4
"320",4,10,34,12,0,0,1,0,0,1,0,0,0,0,0,0,0,0,0,0,0,1.38629400730133,1156,144
"321",4,12,8,0,0,1,1,2,0,1,0,0,0,0,0,1,0,0,1,0,0,1.38629400730133,64,0
"322",2.90000009536743,12,17,1,0,1,1,2,0,1,0,0,0,1,0,0,0,0,0,0,0,1.0647109746933,289,1
"323",3.04999995231628,12,2,0,0,1,0,1,0,1,0,0,0,0,0,0,0,1,0,0,1,1.1151419878006,4,0
"324",5.05000019073486,10,5,0,0,1,0,0,1,1,0,0,0,0,0,0,0,1,0,1,0,1.61938798427582,25,0
"325",13.9499998092651,16,41,16,0,0,1,0,1,1,0,0,0,1,0,0,0,0,1,0,0,2.63547897338867,1681,256
"326",18.1599998474121,16,35,28,0,0,1,1,1,1,0,0,0,1,0,0,0,0,1,0,0,2.89922094345093,1225,784
"327",6.25,16,11,4,0,0,0,0,1,1,0,0,0,0,0,0,1,0,1,0,0,1.83258199691772,121,16
"328",5.25,12,4,0,1,0,0,0,1,1,0,0,0,1,0,0,0,0,0,1,0,1.65822803974152,16,0
"329",4.78999996185303,12,12,3,0,1,1,3,1,1,0,0,0,0,0,0,0,1,1,0,0,1.56652998924255,144,9
"330",3.34999990463257,7,35,0,0,1,0,1,1,0,1,0,0,0,0,0,0,0,0,0,0,1.20896005630493,1225,0
"331",3,8,33,0,0,0,1,1,1,0,1,0,0,0,1,0,0,0,0,0,0,1.09861195087433,1089,0
"332",8.43000030517578,16,8,6,0,0,1,0,1,0,1,0,0,1,0,0,0,0,1,0,0,2.13179707527161,64,36
"333",5.69999980926514,16,2,0,0,0,0,0,1,0,1,0,0,0,0,1,0,0,1,0,0,1.7404659986496,4,0
"334",11.9799995422363,18,8,10,0,0,1,2,1,0,1,0,0,0,1,0,0,0,1,0,0,2.48323798179626,64,100
"335",3.5,13,29,1,0,1,1,0,0,0,1,0,0,0,0,0,0,1,0,1,0,1.25276303291321,841,1
"336",4.23999977111816,10,14,5,1,0,1,1,0,0,1,0,0,0,0,1,0,0,0,0,0,1.44456303119659,196,25
"337",7,16,26,3,0,1,1,1,1,0,1,0,0,0,0,0,0,1,1,0,0,1.94590997695923,676,9
"338",6,14,11,3,0,1,1,2,1,0,1,0,0,0,0,0,0,1,0,1,0,1.79175901412964,121,9
"339",12.2200002670288,16,10,2,0,0,0,0,1,0,1,0,0,0,0,0,0,1,1,0,0,2.50307393074036,100,4
"340",4.5,12,13,0,0,0,1,0,1,0,1,0,0,0,0,1,0,0,0,0,0,1.50407695770264,169,0
"341",3,9,23,20,0,1,1,2,0,0,1,0,0,1,0,0,0,0,0,0,0,1.09861195087433,529,400
"342",2.90000009536743,11,1,2,1,0,0,2,0,0,1,0,0,0,0,1,0,0,0,0,1,1.0647109746933,1,4
"343",15,11,35,31,0,0,1,0,0,0,1,0,0,1,0,0,0,0,0,0,0,2.7080500125885,1225,961
"344",4,12,5,2,0,0,1,0,0,0,1,0,1,0,0,0,0,0,0,0,0,1.38629400730133,25,4
"345",5.25,11,13,11,0,0,1,2,0,0,1,0,0,1,0,0,0,0,0,0,0,1.65822803974152,169,121
"346",4,12,22,3,0,0,1,3,0,0,1,0,0,1,0,0,0,0,0,0,0,1.38629400730133,484,9
"347",3.29999995231628,12,21,9,0,1,1,2,0,0,1,0,0,0,0,1,0,0,1,0,0,1.19392204284668,441,81
"348",5.05000019073486,12,19,0,0,1,1,3,0,0,1,0,0,0,0,0,0,1,0,1,0,1.61938798427582,361,0
"349",3.57999992370605,12,13,0,0,0,0,0,1,0,1,0,0,0,0,0,1,0,0,0,0,1.27536296844482,169,0
"350",5,14,15,5,0,0,1,2,0,0,1,0,0,0,0,1,0,0,1,0,0,1.60943794250488,225,25
"351",4.57000017166138,14,3,0,0,0,1,0,0,0,1,0,0,0,0,0,0,1,1,0,0,1.5195130109787,9,0
"352",12.5,18,6,2,0,0,0,0,1,0,1,0,0,0,0,0,1,0,0,1,0,2.52572894096375,36,4
"353",3.45000004768372,12,6,5,0,1,1,0,1,0,1,0,0,0,0,1,0,0,0,1,0,1.23837399482727,36,25
"354",4.63000011444092,12,16,1,0,1,0,0,1,0,1,0,0,0,0,0,0,1,0,1,0,1.53255701065063,256,1
"355",10,12,31,2,0,0,1,0,1,0,1,0,0,0,0,1,0,0,1,0,0,2.3025848865509,961,4
"356",2.92000007629395,11,1,0,0,1,0,1,0,1,0,0,0,0,0,1,0,0,0,0,1,1.07158398628235,1,0
"357",4.51000022888184,12,5,2,0,0,0,0,1,1,0,0,0,0,0,1,0,0,0,0,0,1.50629699230194,25,4
"358",6.5,17,3,0,0,0,1,0,1,1,0,0,0,0,0,0,0,1,1,0,0,1.87180197238922,9,0
"359",7.5,16,11,0,0,0,1,0,1,1,0,0,0,0,0,0,1,0,1,0,0,2.01490306854248,121,0
"360",3.53999996185303,13,6,7,0,1,1,0,0,1,0,0,0,0,0,0,0,1,0,1,0,1.2641270160675,36,49
"361",4.19999980926514,13,11,3,0,1,1,2,1,1,0,0,0,0,0,1,0,0,0,1,0,1.43508398532867,121,9
"362",3.50999999046326,12,7,2,0,1,1,0,1,1,0,0,0,0,0,1,0,0,0,1,0,1.25561594963074,49,4
"363",4.5,14,5,0,0,0,1,0,1,1,0,0,1,0,0,0,0,0,1,0,0,1.50407695770264,25,0
"364",3.34999990463257,14,5,4,0,1,1,0,1,1,0,0,0,0,0,1,0,0,1,0,0,1.20896005630493,25,16
"365",2.91000008583069,11,2,2,0,0,0,2,1,1,0,0,0,0,0,1,0,0,0,0,1,1.06815302371979,4,4
"366",5.25,10,44,7,0,0,1,1,1,1,0,0,0,0,0,0,0,0,0,0,0,1.65822803974152,1936,49
"367",4.05000019073486,8,44,25,0,0,1,0,1,1,0,0,0,1,0,0,0,0,0,0,1,1.398717045784,1936,625
"368",3.75,14,13,0,0,1,1,3,1,1,0,0,0,0,0,1,0,0,0,1,0,1.32175600528717,169,0
"369",3.40000009536743,12,26,15,0,1,1,1,1,1,0,0,1,0,0,0,0,0,0,1,0,1.22377598285675,676,225
"370",3,10,2,1,0,1,0,1,1,0,1,0,0,0,0,1,0,0,0,1,0,1.09861195087433,4,1
"371",6.28999996185303,17,10,3,0,0,1,1,1,0,1,0,0,0,0,0,1,0,1,0,0,1.83896100521088,100,9
"372",2.53999996185303,9,2,0,0,1,0,1,1,0,1,0,0,0,0,1,0,0,0,0,1,0.932164072990417,4,0
"373",4.5,12,35,0,0,1,1,1,1,0,1,0,0,0,0,1,0,0,0,1,0,1.50407695770264,1225,0
"374",3.13000011444092,12,6,5,0,1,1,1,1,0,1,0,0,0,0,0,0,1,0,1,0,1.14103305339813,36,25
"375",6.3600001335144,14,8,1,0,0,1,0,1,0,1,0,0,0,0,1,0,0,1,0,0,1.8500280380249,64,1
"376",4.67999982833862,16,1,0,0,0,0,0,1,0,1,0,0,1,0,0,0,0,1,0,0,1.54329800605774,1,0
"377",6.80000019073486,12,14,10,0,0,1,2,0,0,1,0,0,1,0,0,0,0,0,0,0,1.91692304611206,196,100
"378",8.52999973297119,10,14,6,0,0,1,0,0,0,1,0,0,0,0,0,0,0,0,0,0,2.14358901977539,196,36
"379",4.17000007629395,0,22,10,0,1,0,0,0,0,1,0,0,0,0,0,1,0,0,0,0,1.42791604995728,484,100
"380",3.75,14,8,4,0,1,1,0,0,0,1,0,0,0,1,0,0,0,1,0,0,1.32175600528717,64,16
"381",11.1000003814697,15,1,4,0,1,0,2,0,0,1,0,0,0,0,0,0,1,0,1,0,2.40694499015808,1,16
"382",3.25999999046326,16,15,5,1,1,1,2,1,0,1,0,0,0,0,1,0,0,1,0,0,1.18172705173492,225,25
"383",9.13000011444092,12,14,12,0,0,1,3,1,0,1,0,0,1,0,0,0,0,1,0,0,2.21156597137451,196,144
"384",4.5,11,37,10,0,0,1,2,1,0,1,0,0,1,0,0,0,0,0,0,0,1.50407695770264,1369,100
"385",3,11,1,1,0,1,0,1,1,0,1,0,0,0,0,0,0,1,0,0,1,1.09861195087433,1,1
"386",8.75,12,4,4,0,0,1,0,1,0,1,0,0,0,0,0,0,1,0,1,0,2.16905403137207,16,16
"387",4.1399998664856,13,29,0,0,1,1,0,1,0,1,0,0,0,0,1,0,0,0,1,0,1.42069602012634,841,0
"388",2.86999988555908,12,45,8,0,1,1,0,0,1,0,0,0,0,0,1,0,0,1,0,0,1.05431199073792,2025,64
"389",3.34999990463257,13,22,0,0,1,0,2,0,1,0,0,0,0,0,1,0,0,0,1,0,1.20896005630493,484,0
"390",6.07999992370605,16,42,10,0,0,0,0,0,1,0,0,0,0,0,1,0,0,1,0,0,1.80500495433807,1764,100
"391",3,15,9,0,1,0,0,0,0,1,0,0,0,0,0,0,1,0,0,0,0,1.09861195087433,81,0
"392",4.19999980926514,16,8,0,0,1,1,1,1,1,0,0,0,0,0,0,0,1,0,1,0,1.43508398532867,64,0
"393",5.59999990463257,15,31,15,0,1,0,2,1,1,0,0,0,0,0,0,0,1,0,0,1,1.72276699542999,961,225
"394",10,12,24,24,0,0,1,0,1,1,0,0,0,1,0,0,0,0,0,0,0,2.3025848865509,576,576
"395",12.5,18,16,5,0,0,1,1,1,1,0,0,0,0,0,0,0,1,1,0,0,2.52572894096375,256,25
"396",3.75999999046326,6,6,0,0,0,0,4,0,0,1,0,0,0,0,0,0,0,0,0,0,1.32441902160645,36,0
"397",3.09999990463257,6,14,0,1,1,0,5,1,0,1,0,0,0,0,1,0,0,0,1,0,1.13140201568604,196,0
"398",4.28999996185303,12,47,25,0,1,1,2,1,0,1,0,0,1,0,0,0,0,0,1,0,1.45628702640533,2209,625
"399",10.9200000762939,12,34,5,0,0,1,0,0,0,1,0,0,0,0,0,0,1,1,0,0,2.39059591293335,1156,25
"400",7.5,16,6,2,0,1,1,1,1,0,1,0,0,0,0,0,0,1,1,0,0,2.01490306854248,36,4
"401",4.05000019073486,9,7,4,0,1,1,1,1,0,1,0,0,0,0,0,0,0,0,0,0,1.398717045784,49,16
"402",4.65000009536743,12,27,2,0,0,1,3,1,0,1,0,0,0,0,0,0,0,0,0,1,1.53686702251434,729,4
"403",5,11,24,5,0,0,1,0,1,0,1,0,0,0,0,1,0,0,0,0,0,1.60943794250488,576,25
"404",2.90000009536743,10,18,0,0,1,1,2,0,0,1,0,0,0,0,1,0,0,0,1,0,1.0647109746933,324,0
"405",8,12,12,3,1,1,0,1,0,0,1,0,0,0,0,0,0,0,0,0,0,2.07944202423096,144,9
"406",8.43000030517578,8,27,3,0,0,1,3,1,0,1,0,0,1,0,0,0,0,0,0,0,2.13179707527161,729,9
"407",2.92000007629395,9,49,0,0,1,0,0,1,0,1,0,0,0,0,0,1,0,0,0,0,1.07158398628235,2401,0
"408",6.25,17,4,0,0,1,0,0,1,0,0,1,0,0,0,1,0,0,1,0,0,1.83258199691772,16,0
"409",6.25,16,24,2,0,1,1,2,1,0,0,1,0,0,0,0,0,1,1,0,0,1.83258199691772,576,4
"410",5.1100001335144,11,3,0,0,0,0,0,1,0,0,1,1,0,0,0,0,0,0,0,0,1.63119900226593,9,0
"411",4,10,2,0,0,1,0,1,1,0,0,1,0,0,0,0,1,0,0,0,0,1.38629400730133,4,0
"412",4.44000005722046,8,29,11,0,0,1,3,0,0,1,0,0,0,0,1,0,0,1,0,0,1.49065399169922,841,121
"413",6.88000011444092,13,34,21,0,0,1,0,0,0,1,0,0,0,0,0,1,0,1,0,0,1.92861902713776,1156,441
"414",5.42999982833862,14,10,3,1,0,1,1,1,0,1,0,0,0,0,1,0,0,1,0,0,1.691938996315,100,9
"415",3,13,5,0,0,1,0,1,1,0,1,0,0,0,0,0,0,1,0,0,1,1.09861195087433,25,0
"416",2.90000009536743,11,2,0,0,1,0,2,1,0,1,0,0,0,0,1,0,0,1,0,0,1.0647109746933,4,0
"417",6.25,7,39,21,1,0,1,0,1,0,1,0,0,0,0,1,0,0,0,0,0,1.83258199691772,1521,441
"418",4.34000015258789,16,5,2,1,1,0,0,1,0,1,0,0,0,0,0,0,1,0,1,0,1.46787405014038,25,4
"419",3.25,12,14,2,0,1,1,2,0,0,1,0,0,0,1,0,0,0,0,1,0,1.1786550283432,196,4
"420",7.26000022888184,13,8,2,0,0,0,0,1,0,1,0,0,0,0,1,0,0,1,0,0,1.98238003253937,64,4
"421",6.34999990463257,14,10,1,0,1,1,2,1,0,1,0,0,0,0,0,0,0,0,0,0,1.84845495223999,100,1
"422",5.63000011444092,16,2,2,0,0,1,0,1,0,0,0,0,0,0,1,0,0,0,0,1,1.72810900211334,4,4
"423",8.75,14,9,3,0,0,1,1,1,0,0,0,0,1,0,0,0,0,1,0,0,2.16905403137207,81,9
"424",3.20000004768372,11,1,0,0,0,0,0,0,0,0,0,0,0,0,1,0,0,0,0,1,1.16315102577209,1,0
"425",3,8,45,1,0,1,1,0,0,0,0,0,0,0,0,0,0,0,0,0,0,1.09861195087433,2025,1
"426",3,14,33,3,0,1,1,0,1,0,0,0,0,0,0,0,0,1,0,0,1,1.09861195087433,1089,9
"427",12.5,17,21,18,0,0,1,3,1,0,0,0,0,0,0,0,0,0,1,0,0,2.52572894096375,441,324
"428",2.88000011444092,10,2,0,0,1,0,3,1,0,0,0,0,0,0,1,0,0,0,1,0,1.05779004096985,4,0
"429",3.34999990463257,12,9,1,0,0,1,0,1,1,0,0,0,0,0,1,0,0,0,0,0,1.20896005630493,81,1
"430",6.5,12,33,2,0,0,1,0,0,1,0,0,0,0,0,0,0,0,0,0,0,1.87180197238922,1089,4
"431",10.3800001144409,18,16,2,1,0,1,1,1,1,0,0,0,0,0,0,0,1,1,0,0,2.33988094329834,256,4
"432",4.5,14,10,0,0,0,1,0,1,1,0,0,0,0,0,0,0,1,0,0,0,1.50407695770264,100,0
"433",10,18,9,8,0,0,0,0,0,1,0,0,0,0,1,0,0,0,1,0,0,2.3025848865509,81,64
"434",3.80999994277954,12,8,1,0,1,1,2,0,1,0,0,0,0,0,0,1,0,0,0,1,1.33762896060944,64,1
"435",8.80000019073486,16,9,1,0,0,1,0,0,0,1,0,0,0,0,0,0,1,1,0,0,2.17475199699402,81,1
"436",9.42000007629395,14,23,0,0,1,1,2,0,0,1,0,0,0,0,0,1,0,0,0,0,2.24283504486084,529,0
"437",6.32999992370605,12,23,8,0,0,1,2,0,0,1,0,0,0,0,0,0,0,1,0,0,1.84529995918274,529,64
"438",4,9,22,18,1,0,0,0,0,0,1,0,0,0,0,0,0,0,0,0,0,1.38629400730133,484,324
"439",2.90000009536743,12,37,0,0,1,1,0,0,0,1,0,0,0,0,1,0,0,1,0,0,1.0647109746933,1369,0
"440",20,12,22,4,0,0,1,1,0,0,1,0,0,0,0,1,0,0,1,0,0,2.9957320690155,484,16
"441",11.25,17,28,25,0,0,1,1,1,0,1,0,0,1,0,0,0,0,0,0,0,2.4203679561615,784,625
"442",3.5,12,14,0,1,1,0,2,1,0,1,0,1,0,0,0,0,0,0,0,0,1.25276303291321,196,0
"443",6,15,19,4,0,1,1,2,1,0,1,0,0,0,0,0,0,1,0,0,1,1.79175901412964,361,16
"444",14.3800001144409,17,10,9,1,0,1,1,0,0,1,0,0,1,0,0,0,0,1,0,0,2.66583800315857,100,81
"445",6.3600001335144,16,25,0,0,0,1,1,1,0,1,0,0,1,0,0,0,0,1,0,0,1.8500280380249,625,0
"446",3.54999995231628,12,21,0,0,1,1,1,0,0,1,0,0,1,0,0,0,0,0,0,0,1.26694798469543,441,0
"447",3,15,32,0,0,0,1,0,1,0,1,0,0,0,0,0,1,0,0,0,1,1.09861195087433,1024,0
"448",4.5,16,21,10,0,0,1,1,1,0,1,0,0,0,0,1,0,0,1,0,0,1.50407695770264,441,100
"449",6.63000011444092,12,36,0,0,1,0,0,1,0,1,0,0,0,0,1,0,0,0,1,0,1.8916050195694,1296,0
"450",9.30000019073486,15,2,2,0,0,1,0,1,0,1,0,0,0,0,1,0,0,0,0,0,2.23001408576965,4,4
"451",3,12,11,0,0,1,1,2,1,0,1,0,0,0,0,1,0,0,1,0,0,1.09861195087433,121,0
"452",3.25,12,40,2,0,1,0,0,0,1,0,0,0,0,0,1,0,0,0,0,1,1.1786550283432,1600,4
"453",1.5,12,11,1,0,1,1,2,0,1,0,0,0,0,0,0,0,1,0,0,1,0.405465096235275,121,1
"454",5.90000009536743,12,9,7,0,1,1,1,1,1,0,0,0,0,0,0,0,0,0,0,0,1.77495205402374,81,49
"455",8,16,23,4,0,0,0,0,1,1,0,0,0,0,0,1,0,0,1,0,0,2.07944202423096,529,16
"456",2.90000009536743,11,1,0,0,1,0,1,1,1,0,0,0,0,0,1,0,0,1,0,0,1.0647109746933,1,0
"457",3.28999996185303,14,30,13,0,0,0,0,1,1,0,0,0,0,0,1,0,0,1,0,0,1.19088804721832,900,169
"458",6.5,14,41,33,0,0,1,0,1,1,0,0,0,0,0,1,0,0,1,0,0,1.87180197238922,1681,1089
"459",4,13,6,0,0,1,0,1,1,1,0,0,1,0,0,0,0,0,0,1,0,1.38629400730133,36,0
"460",6,14,11,0,0,0,1,0,0,1,0,0,0,0,0,1,0,0,0,0,0,1.79175901412964,121,0
"461",4.07999992370605,12,43,17,0,1,1,0,1,1,0,0,0,0,0,0,0,1,0,1,0,1.40609705448151,1849,289
"462",3.75,12,39,2,0,1,1,0,1,1,0,0,0,0,0,0,1,0,1,0,0,1.32175600528717,1521,4
"463",3.04999995231628,8,50,24,0,1,0,0,0,0,1,0,0,1,0,0,0,0,0,0,0,1.1151419878006,2500,576
"464",3.5,12,26,20,0,1,1,0,0,0,1,0,0,1,0,0,0,0,0,0,0,1.25276303291321,676,400
"465",2.92000007629395,3,51,30,1,0,0,0,1,0,1,0,0,0,0,0,1,0,0,0,1,1.07158398628235,2601,900
"466",4.5,11,3,9,0,0,0,0,1,0,1,0,1,0,0,0,0,0,0,0,0,1.50407695770264,9,81
"467",3.34999990463257,15,3,1,0,1,1,2,1,0,1,0,0,0,0,0,1,0,0,1,0,1.20896005630493,9,1
"468",5.94999980926514,11,15,9,1,0,1,1,0,0,1,0,1,0,0,0,0,0,0,0,0,1.78339099884033,225,81
"469",8,12,17,6,0,0,1,2,0,0,1,0,0,0,0,1,0,0,1,0,0,2.07944202423096,289,36
"470",3,4,36,0,0,0,1,1,0,0,1,0,1,0,0,0,0,0,0,0,0,1.09861195087433,1296,0
"471",5,9,31,9,1,0,1,6,0,0,1,0,0,0,0,0,0,0,0,0,0,1.60943794250488,961,81
"472",5.5,12,9,4,0,0,1,1,0,0,1,0,0,0,0,1,0,0,0,0,0,1.70474803447723,81,16
"473",2.65000009536743,12,42,10,0,1,1,0,1,0,0,1,0,0,0,0,1,0,0,1,0,0.974559724330902,1764,100
"474",3,11,3,0,0,1,0,2,1,0,0,1,0,0,0,1,0,0,0,0,0,1.09861195087433,9,0
"475",4.5,12,37,14,0,1,1,0,0,0,0,1,0,0,0,0,0,1,0,1,0,1.50407695770264,1369,196
"476",17.5,16,23,22,0,0,1,3,1,0,0,1,0,0,0,1,0,0,1,0,0,2.86220097541809,529,484
"477",8.18000030517578,13,21,5,0,0,0,0,1,0,0,1,0,0,0,1,0,0,1,0,0,2.10169196128845,441,25
"478",9.09000015258789,15,11,12,0,0,1,1,1,0,0,1,0,0,1,0,0,0,1,0,0,2.2071750164032,121,144
"479",11.8199996948242,16,35,13,0,0,1,0,1,0,0,1,0,0,1,0,0,0,1,0,0,2.46979308128357,1225,169
"480",3.25,12,42,0,0,1,1,0,1,0,0,1,0,0,0,1,0,0,1,0,0,1.1786550283432,1764,0
"481",4.5,12,3,0,0,0,0,0,1,0,0,1,0,0,0,0,0,0,0,0,0,1.50407695770264,9,0
"482",4.5,12,13,0,0,0,1,0,1,0,0,1,0,0,0,0,0,0,0,0,0,1.50407695770264,169,0
"483",3.71000003814697,9,14,7,0,0,1,2,0,0,1,0,0,1,0,0,0,0,0,0,0,1.31103205680847,196,49
"484",6.5,10,14,11,0,0,1,3,0,0,1,0,0,0,0,1,0,0,0,0,0,1.87180197238922,196,121
"485",2.90000009536743,12,39,1,0,1,1,0,0,0,1,0,0,0,0,0,0,1,0,0,1,1.0647109746933,1521,1
"486",5.59999990463257,11,11,8,0,0,1,2,0,0,1,0,0,0,0,0,0,0,0,1,0,1.72276699542999,121,64
"487",2.23000001907349,8,28,3,0,0,1,4,0,0,1,0,0,0,0,0,0,1,1,0,0,0.802001595497131,784,9
"488",5,6,18,0,0,1,1,3,1,0,0,1,0,0,0,1,0,0,0,0,1,1.60943794250488,324,0
"489",8.32999992370605,16,6,2,0,0,1,0,1,0,0,1,0,0,1,0,0,0,0,1,0,2.11986398696899,36,4
"490",2.90000009536743,12,26,1,0,1,0,4,1,0,1,0,0,0,0,1,0,0,0,1,0,1.0647109746933,676,1
"491",6.25,12,21,6,0,0,1,3,1,0,1,0,0,0,0,1,0,0,1,0,0,1.83258199691772,441,36
"492",4.55000019073486,16,34,2,0,0,1,0,0,0,1,0,0,0,0,0,0,1,1,0,0,1.51512694358826,1156,4
"493",3.27999997138977,12,17,2,0,1,0,0,0,0,1,0,0,0,0,0,0,1,0,0,1,1.18784296512604,289,4
"494",2.29999995231628,10,2,0,0,1,0,4,1,1,0,0,0,0,0,1,0,0,0,0,1,0.832909107208252,4,0
"495",3.29999995231628,13,5,0,0,1,0,0,1,1,0,0,0,0,0,0,0,1,1,0,0,1.19392204284668,25,0
"496",3.15000009536743,13,1,0,0,1,0,4,1,1,0,0,0,0,1,0,0,0,0,1,0,1.14740300178528,1,0
"497",12.5,14,40,30,0,0,1,0,1,1,0,0,0,0,0,0,0,0,1,0,0,2.52572894096375,1600,900
"498",5.15000009536743,16,39,21,0,1,0,0,1,0,0,1,0,0,0,0,0,1,0,1,0,1.6389969587326,1521,441
"499",3.13000011444092,10,1,1,0,0,0,2,1,0,0,1,0,0,0,1,0,0,0,0,1,1.14103305339813,1,1
"500",7.25,12,14,5,0,0,1,3,1,0,0,1,0,0,1,0,0,0,0,0,0,1.98100101947784,196,25
"501",2.90000009536743,12,2,2,0,1,0,0,1,0,0,1,0,0,0,0,0,1,0,1,0,1.0647109746933,4,4
"502",1.75,11,2,1,0,0,0,2,1,0,0,1,0,0,0,1,0,0,0,0,1,0.559615790843964,4,1
"503",2.89000010490417,0,42,0,0,1,1,2,0,0,0,1,0,0,0,0,1,0,0,0,0,1.06125700473785,1764,0
"504",2.90000009536743,5,34,0,0,1,1,5,0,0,0,1,0,1,0,0,0,0,0,0,0,1.0647109746933,1156,0
"505",17.7099990844727,16,10,3,0,0,1,1,1,0,0,1,1,0,0,0,0,0,1,0,0,2.87412905693054,100,9
"506",6.25,16,4,3,0,0,1,0,0,0,0,1,0,0,1,0,0,0,0,0,1,1.83258199691772,16,9
"507",2.59999990463257,9,4,0,0,0,0,1,0,0,0,1,0,0,0,1,0,0,0,0,0,0.955511391162872,16,0
"508",6.63000011444092,15,21,3,0,1,1,2,0,0,0,1,0,0,0,0,0,1,1,0,0,1.8916050195694,441,9
"509",3.5,12,31,3,1,1,0,1,1,0,0,1,0,0,0,0,1,0,0,0,0,1.25276303291321,961,9
"510",6.5,12,20,14,0,0,1,3,1,0,0,1,0,0,0,1,0,0,0,0,0,1.87180197238922,400,196
"511",3,12,36,1,1,1,0,0,1,0,0,1,0,0,0,0,1,0,0,0,0,1.09861195087433,1296,1
"512",4.38000011444092,13,7,0,1,0,1,1,1,0,0,1,0,1,0,0,0,0,0,0,0,1.47704899311066,49,0
"513",10,12,15,0,0,0,0,1,0,0,0,0,0,0,0,0,1,0,1,0,0,2.3025848865509,225,0
"514",4.94999980926514,7,25,17,0,0,1,5,0,0,0,0,1,0,0,0,0,0,0,0,0,1.5993880033493,625,289
"515",9,17,7,0,0,1,1,2,0,0,0,0,0,0,0,0,0,1,1,0,0,2.19722509384155,49,0
"516",1.42999994754791,12,17,0,0,1,1,2,0,0,0,0,0,0,0,1,0,0,0,0,0,0.357674390077591,289,0
"517",3.07999992370605,12,3,1,0,0,0,0,0,0,0,0,0,0,0,0,0,1,1,0,0,1.12493002414703,9,1
"518",9.32999992370605,14,12,11,0,0,1,3,0,0,0,0,0,0,0,0,0,1,1,0,0,2.23323488235474,144,121
"519",7.5,12,18,5,0,0,1,2,0,0,0,1,0,0,0,1,0,0,0,0,0,2.01490306854248,324,25
"520",4.75,13,47,1,0,0,1,0,0,0,0,1,0,0,0,1,0,0,0,0,0,1.55814504623413,2209,1
"521",5.65000009536743,12,2,0,0,0,0,0,0,0,0,1,1,0,0,0,0,0,0,0,0,1.73165595531464,4,0
"522",15,16,14,2,0,1,1,2,0,0,0,1,0,0,0,0,0,1,1,0,0,2.7080500125885,196,4
"523",2.26999998092651,10,2,0,0,1,0,3,0,0,0,1,0,0,0,1,0,0,1,0,0,0.819779813289642,4,0
"524",4.67000007629395,15,13,18,0,0,1,3,0,0,0,1,1,0,0,0,0,0,1,0,0,1.54115903377533,169,324
"525",11.5600004196167,16,5,1,0,0,1,0,0,0,0,1,0,1,0,0,0,0,0,0,0,2.44755101203918,25,1
"526",3.5,14,5,4,1,1,0,2,0,0,0,1,0,0,0,0,0,1,0,1,0,1.25276303291321,25,16
